,Project Name,Requester,PI,Experiment Type,Turn Around Time
0,83,Andrea,Shilatifard,RNA-Seq,6.0
1,84,Jay,Shilatifard,RNA-Seq,13.0
2,85,Kai,Shilatifard,ChIP-Seq,13.0
3,86,Jay,Shilatifard,ChIP-Seq,9.0
4,87,Kevin,Shilatifard,NET-Seq,25.0
5,88,Lu,Shilatifard,RNA-Seq,7.0
6,90,Ryan,Shilatifard,ChIP-Seq,7.0
7,91,Kai,Shilatifard,ChIP-Seq,14.0
8,92,Andrea,Shilatifard,ChIP-Seq,2.0
9,93,Ryan,Shilatifard,RNA-Seq,17.0
10,94,Kai,Shilatifard,ChIP-Seq,43.0
11,95,Ryan,Shilatifard,ChIP-Seq,1.0
12,96,Kevin,Shilatifard,ChIP-Seq,11.0
13,97,Kai,Shilatifard,ChIP-Seq,45.0
14,98,Kai,Shilatifard,RNA-Seq,10.0
15,99,Andrea,Shilatifard,ChIP-Seq,2.0
16,100,Lu,Shilatifard,ChIP-Seq,2.0
17,101,Ryan,Shilatifard,ChIP-Seq,2.0
18,102,Andrea,Shilatifard,ChIP-Seq,15.0
19,103,Fei,Shilatifard,ChIP-Seq,22.0
20,104,Ryan,Shilatifard,ChIP-Seq,9.0
21,105,Amir,Shilatifard,RNA-Seq,22.0
22,106,Kai,Shilatifard,RNA-Seq,30.0
23,107,Andrea,Shilatifard,ChIP-Seq,8.0
24,108,Amir,Shilatifard,ChIP-Seq,6.0
25,109,Kai,Shilatifard,RNA-Seq,29.0
26,111,Ryan,Shilatifard,ChIP-Seq,18.0
27,112,Fei,Shilatifard,ChIP-Seq,21.0
28,113,Fei,Shilatifard,RNA-Seq,41.0
29,114,Lu,Shilatifard,ChIP-Seq,14.0
30,115,Andrea,Shilatifard,RNA-Seq,74.0
31,116,Marc,Shilatifard,RNA-Seq,31.0
32,117,Ryan,Shilatifard,RNA-Seq,16.0
33,118,Kai,Shilatifard,RNA-Seq,44.0
34,119,Andrea,Shilatifard,RNA-Seq,37.0
35,120,Kai,Shilatifard,RNA-Seq,45.0
36,121,Lu,Shilatifard,RNA-Seq,23.0
37,123,Ryan,Shilatifard,ChIP-Seq,27.0
38,124,Lu,Shilatifard,ChIP-Seq,4.0
39,125,Ryan,Shilatifard,ChIP-Seq,3.0
40,126,Lu,Shilatifard,ChIP-Seq,36.0
41,127,Kai,Shilatifard,ChIP-Seq,33.0
42,128,Ryan,Shilatifard,ChIP-Seq,4.0
43,129,Deqing,Shilatifard,RNA-Seq,16.0
44,130,Kai,Shilatifard,RNA-Seq,18.0
45,131,Kevin,Shilatifard,ChIP-Seq,32.0
46,132,Kai,Shilatifard,RNA-Seq,70.0
47,133,Kai,Shilatifard,RNA-Seq,72.0
48,134,Yohhei,Shilatifard,ChIP-Seq,23.0
49,135,Yohhei,Shilatifard,ChIP-Seq,17.0
50,137,Deqing,Shilatifard,RNA-Seq,66.0
51,138,Andrea,Shilatifard,ChIP-Seq,23.0
52,139,Andrea,Shilatifard,ChIP-Seq,21.0
53,140,Andrea,Shilatifard,RNA-Seq,93.0
54,141,Deqing,Shilatifard,ChIP-Seq,10.0
55,142,Deqing,Shilatifard,ChIP-Seq,10.0
56,143,Marc,Shilatifard,ChIP-Seq,18.0
57,144,Marc,Shilatifard,ChIP-Seq,18.0
58,145,Ryan,Shilatifard,ChIP-Seq,1.0
59,146,Marc,Shilatifard,RNA-Seq,49.0
60,147,Marc,Shilatifard,ChIP-Seq,15.0
61,148,Ryan,Shilatifard,ChIP-Seq,6.0
62,149,Ryan,Shilatifard,ChIP-Seq,6.0
63,150,Lu,Shilatifard,RNA-Seq,50.0
64,151,Marc,Shilatifard,ChIP-Seq,17.0
65,152,Deqing,Shilatifard,ChIP-Seq,14.0
66,153,Lu,Shilatifard,ChIP-Seq,9.0
67,154,Lu,Shilatifard,ChIP-Seq,9.0
68,155,Kai,Shilatifard,RNA-Seq,49.0
69,156,Andrea,Shilatifard,ChIP-Seq,2.0
70,157,Marc,Shilatifard,ChIP-Seq,9.0
71,158,Marc,Shilatifard,ChIP-Seq,9.0
72,159,Andrea,Shilatifard,RNA-Seq,26.0
73,160,Ryan,Shilatifard,ChIP-Seq,3.0
74,161,Lu,Shilatifard,ChIP-Seq,9.0
75,162,Lu,Shilatifard,ChIP-Seq,7.0
76,163,Lu,Shilatifard,ChIP-Seq,8.0
77,164,Kai,Shilatifard,ChIP-Seq,7.0
78,165,Yohhei,Shilatifard,RNA-Seq,71.0
79,166,Yohhei,Shilatifard,ChIP-Seq,8.0
80,167,Yohhei,Shilatifard,RNA-Seq,28.0
81,168,Yohhei,Shilatifard,RNA-Seq,28.0
82,169,Yohhei,Shilatifard,RNA-Seq,29.0
83,170,Yohhei,Shilatifard,RNA-Seq,30.0
84,171,Edwin,Shilatifard,ChIP-Seq,2.0
85,172,Andrea,Shilatifard,ChIP-Seq,2.0
86,173,Christie,Shilatifard,RNA-Seq,9.0
87,174,Kevin,Shilatifard,ChIP-Seq,16.0
88,175,Kevin,Shilatifard,ChIP-Seq,18.0
89,176,Kai,Shilatifard,RNA-Seq,44.0
90,177,Andrea,Shilatifard,RNA-Seq,6.0
91,178,Andrea,Shilatifard,ChIP-Seq,3.0
92,179,Andrea,Shilatifard,ChIP-Seq,7.0
93,180,Marc,Shilatifard,ChIP-Seq,13.0
94,181,Kai,Shilatifard,RNA-Seq,70.0
95,182,Lu,Shilatifard,ChIP-Seq,30.0
96,183,Lu,Shilatifard,ChIP-Seq,7.0
97,184,Lu,Shilatifard,ChIP-Seq,8.0
98,185,Lu,Shilatifard,ChIP-Seq,17.0
99,186,Lu,Shilatifard,RNA-Seq,38.0
100,188,Andrea,Shilatifard,RNA-Seq,20.0
101,189,Marc,Shilatifard,RNA-Seq,19.0
102,190,Kai,Shilatifard,RNA-Seq,32.0
103,192,Kai,Shilatifard,4C,0.0
104,193,Andrea,Shilatifard,ChIP-Seq,1.0
105,194,Kai,Shilatifard,RNA-Seq,35.0
106,195,Kevin,Shilatifard,ChIP-Seq,22.0
107,196,Marc,Shilatifard,ChIP-Seq,20.0
108,197,Marc,Shilatifard,ChIP-Seq,20.0
109,198,Christie,Shilatifard,RNA-Seq,29.0
110,199,Christie,Shilatifard,RNA-Seq,12.0
111,200,Ryan,Shilatifard,RNA-Seq,12.0
112,201,Kevin,Shilatifard,ChIP-Seq,21.0
113,202,Ryan,Shilatifard,ChIP-Seq,8.0
114,203,Andrea,Shilatifard,ChIP-Seq,4.0
115,204,Deqing,Shilatifard,RNA-Seq,9.0
116,205,Deqing,Shilatifard,ChIP-Seq,2.0
117,206,Kevin,Shilatifard,Nascent RNA-Seq,174.0
118,207,Foltz,Foltz,RNA-Seq,28.0
119,208,Marc,Shilatifard,ChIP-Seq,18.0
120,210,Kai,Shilatifard,RNA-Seq,8.0
121,211,Kai,Shilatifard,RNA-Seq,11.0
122,212,Kai,Shilatifard,RNA-Seq,23.0
123,213,Fei/Mark,Shilatifard,RNA-Seq,1.0
124,214,Lu,Shilatifard,ChIP-Seq,19.0
125,215,Lu,Shilatifard,ChIP-Seq,8.0
126,216,Fei,Shilatifard,ChIP-Seq,12.0
127,217,Andrea,Shilatifard,ChIP-Seq,3.0
128,218,Andrea,Shilatifard,RNA-Seq,10.0
129,219,Andrea,Shilatifard,ChIP-Seq,3.0
130,220,Andrea,Shilatifard,ChIP-Seq,4.0
131,221,Marc,Shilatifard,ChIP-Seq,15.0
132,222,Kai,Shilatifard,4C,7.0
133,223,Kevin,Shilatifard,ChIP-Seq,14.0
134,225,Fei,Shilatifard,ChIP-Seq,13.0
135,226,Kai,Shilatifard,RNA-Seq,41.0
136,227,Foltz,Foltz,RNA-Seq,13.0
137,228,Ryan,Shilatifard,RNA-Seq,2.0
138,229,Ryan,Shilatifard,RNA-Seq,2.0
139,230,Zibo,Shilatifard,ChIP-Seq,10.0
140,231,Kevin,Shilatifard,ChIP-Seq,8.0
141,232,Lu,Shilatifard,ChIP-Seq,5.0
142,233,Andrea,Shilatifard,RNA-Seq,2.0
143,234,Lu,Shilatifard,ChIP-Seq,11.0
144,235,Lu,Shilatifard,RNA-Seq,60.0
145,236,Lu,Shilatifard,RNA-Seq,35.0
146,237,Andrea,Shilatifard,ChIP-Seq,4.0
147,238,Kevin,Shilatifard,ChIP-Seq,6.0
148,239,Kevin,Shilatifard,ChIP-Seq,8.0
149,240,Marc,Shilatifard,ChIP-Seq,14.0
150,241,Fei,Shilatifard,ChIP-Seq,7.0
151,242,Kai,Shilatifard,RNA-Seq,42.0
152,243,Fei,Shilatifard,ChIP-Seq,29.0
153,244,Lu,Shilatifard,ChIP-Seq,7.0
154,245,Marc,Shilatifard,ChIP-Seq,7.0
155,246,Fei,Shilatifard,RNA-Seq,9.0
156,247,Ryan,Shilatifard,ChIP-Seq,2.0
157,248,Ryan,Shilatifard,RNA-Seq,6.0
158,249,Lu,Shilatifard,ChIP-Seq,20.0
159,250,Yohhei,Shilatifard,ChIP-Seq,16.0
160,251,Zibo,Shilatifard,RNA-Seq,22.0
161,252,Ryan,Shilatifard,ChIP-Seq,13.0
162,253,Christie,Shilatifard,RNA-Seq,7.0
163,254,Vaughan,Vaughan,RNA-Seq,16.0
164,255,Kai,Shilatifard,RNA-Seq,30.0
165,256,Kai,Shilatifard,RNA-Seq,30.0
166,257,Kai,Shilatifard,RNA-Seq,34.0
167,258,Zibo,Shilatifard,RNA-Seq,10.0
168,259,Sasha,Misharin,RNA-Seq,5.0
169,260,Ryan,Shilatifard,RNA-Seq,9.0
170,261,Fei,Shilatifard,ChIP-Seq,2.0
171,262,Fei,Shilatifard,RNA-Seq,9.0
172,263,Sasha,Misharin,ChIP-Seq,10.0
173,264,Kai,Shilatifard,ChIP-Seq,29.0
174,265,Marc,Shilatifard,ChIP-Seq,9.0
175,266,Lu,Shilatifard,ChIP-Seq,21.0
176,267,Zibo,Shilatifard,RNA-Seq,26.0
177,268,Kevin,Shilatifard,RNA-Seq,11.0
178,269,Stacy,Shilatifard,GRO-seq,0.0
179,270,Ryan,Shilatifard,ChIP-Seq,7.0
180,271,Ryan,Shilatifard,ChIP-Seq,4.0
181,272,Lu,Shilatifard,RNA-Seq,24.0
182,273,Lu,Shilatifard,ChIP-Seq,20.0
183,274,Zibo,Shilatifard,RNA-Seq,26.0
184,275,Kevin,Shilatifard,ChIP-Seq,22.0
185,276,Zibo,Shilatifard,ChIP-Seq,21.0
186,277,Kai,Shilatifard,RNA-Seq,21.0
187,278,Kai,Shilatifard,ChIP-Seq,14.0
188,279,Kai,Shilatifard,ChIP-Seq,14.0
189,280,Kai,Shilatifard,RNA-Seq,22.0
190,281,Kai,Shilatifard,RNA-Seq,17.0
191,282,Lu,Shilatifard,ChIP-Seq,22.0
192,283,Kai,Shilatifard,4C,18.0
193,284,Fei,Shilatifard,ChIP-Seq,3.0
194,285,Fei,Shilatifard,RNA-Seq,27.0
195,286,Ryan,Shilatifard,RNA-Seq,5.0
196,287,Ryan,Shilatifard,RNA-Seq,5.0
197,288,Deqing,Shilatifard,RNA-Seq,18.0
198,289,Lu,Shilatifard,ChIP-Seq,17.0
199,290,Lu,Shilatifard,ChIP-Seq,15.0
200,291,Jay,Shilatifard,ChIP-Seq,11.0
201,292,Fei,Shilatifard,ChIP-Seq,8.0
202,293,Fei,Shilatifard,ChIP-Seq,8.0
203,295,Fei,Shilatifard,ChIP-Seq,8.0
204,296,Amir,Shilatifard,RNA-Seq,0.0
205,297,Yohhei,Shilatifard,ChIP-Seq,18.0
206,298,Deqing,Shilatifard,ChIP-Seq,5.0
207,299,Fei,Shilatifard,ChIP-Seq,5.0
208,300,Kai,Shilatifard,ChIP-Seq,15.0
209,301,Marc,Shilatifard,RNA-Seq,19.0
210,302,Kevin,Shilatifard,ChIP-Seq,14.0
211,303,Lu,Shilatifard,RNA-Seq,12.0
212,304,Lu,Shilatifard,ChIP-Seq,22.0
213,305,Lu,Shilatifard,ChIP-Seq,25.0
214,306,Lu,Shilatifard,ChIP-Seq,21.0
215,307,Kai,Shilatifard,RNA-Seq,19.0
216,308,Kai,Shilatifard,ChIP-Seq,21.0
217,309,Kai,Shilatifard,ChIP-Seq,22.0
218,310,Kai,Shilatifard,ChIP-Seq,22.0
219,311,Lu,Shilatifard,ChIP-Seq,15.0
220,312,Lu,Shilatifard,ChIP-Seq,13.0
221,313,Andrea,Shilatifard,ChIP-Seq,3.0
222,314,Andrea,Shilatifard,ChIP-Seq,3.0
223,315,Andrea,Shilatifard,ChIP-Seq,7.0
224,316,Ryan,Shilatifard,ChIP-Seq,2.0
225,317,Ryan,Shilatifard,ChIP-Seq,2.0
226,318,Mathew Dyson,Bulun,ChIP-Seq,7.0
227,319,Lu,Shilatifard,RNA-Seq,21.0
228,320,Marc,Shilatifard,ChIP-Seq,3.0
229,321,Kai,Shilatifard,ChIP-Seq,28.0
230,322,Foltz,Foltz,RNA-Seq,2.0
231,323,Zibo,Shilatifard,RNA-Seq,20.0
232,324,Fei,Shilatifard,RNA-Seq,4.0
233,325,Fei,Shilatifard,Nascent RNA-Seq,57.0
234,326,Foltz,Foltz,RNA-Seq,5.0
235,327,Kevin,Shilatifard,RNA-Seq,19.0
236,328,Fei,Shilatifard,RNA-Seq,20.0
237,329,Fei,Shilatifard,RNA-Seq,21.0
238,330,Zibo,Shilatifard,ChIP-Seq,26.0
239,331,Jay,Shilatifard,ChIP-Seq,24.0
240,332,Deqing,Shilatifard,Bisulfite-seq,21.0
241,333,Deqing,Shilatifard,Bisulfite-seq,21.0
242,334,Kai,Shilatifard,ChIP-Seq,23.0
243,335,Kai,Shilatifard,ChIP-Seq,24.0
244,336,Kai,Shilatifard,ChIP-Seq,-339.0
245,337,Zibo,Shilatifard,ChIP-Seq,24.0
246,338,Andrea,Shilatifard,ChIP-Seq,3.0
247,339,Andrea,Shilatifard,ChIP-Seq,2.0
248,340,Zibo,Shilatifard,RNA-Seq,33.0
249,341,Fei,Shilatifard,ChIP-Seq,22.0
250,342,Marc,Shilatifard,ChIP-Seq,26.0
251,343,Kai,Shilatifard,RNA-Seq,28.0
252,344,NGS,Shilatifard,RNA-Seq,0.0
253,345,Yohhei,Shilatifard,RNA-Seq,23.0
254,346,Kai,Shilatifard,ChIP-Seq,23.0
255,347,Kevin,Shilatifard,ChIP-Seq,2.0
256,348,Mathew Dyson,Bulun,ChIP-Seq,2.0
257,349,Kai,Shilatifard,ChIP-Seq,15.0
258,350,Kai,Shilatifard,ChIP-Seq,23.0
259,351,Kai,Shilatifard,ChIP-Seq,28.0
260,352,Kai,Shilatifard,ChIP-Seq,29.0
261,353,Kai,Shilatifard,ChIP-Seq,30.0
262,354,Kai,Shilatifard,RNA-Seq,20.0
263,355,Kai,Shilatifard,RNA-Seq,29.0
264,356,Fei,Shilatifard,ChIP-Seq,21.0
265,357,Fei,Shilatifard,ChIP-Seq,22.0
266,358,Fei,Shilatifard,ChIP-Seq,21.0
267,359,Ryan,Shilatifard,ChIP-Seq,4.0
268,360,Zibo,Shilatifard,ChIP-Seq,22.0
269,361,Vaughan,Vaughan,RNA-Seq,14.0
270,362,Andrea,Shilatifard,ChIP-Seq,2.0
271,363,Lu,Shilatifard,ChIP-Seq,19.0
272,364,Lu,Shilatifard,ChIP-Seq,17.0
273,365,Lu,Shilatifard,ChIP-Seq,17.0
274,366,Ryan,Shilatifard,ChIP-Seq,2.0
275,367,Kai,Shilatifard,4C,1.0
276,368,Marc,Shilatifard,RNA-Seq,6.0
277,369,Marc,Shilatifard,ChIP-Seq,12.0
278,370,Lu,Shilatifard,RNA-Seq,22.0
279,371,Kai,Shilatifard,RNA-Seq,29.0
280,372,Lu,Shilatifard,RNA-Seq,22.0
281,373,Mathew Dyson,Bulun,ChIP-Seq,14.0
282,374,Jay,Shilatifard,ChIP-Seq,12.0
283,375,Christie,Shilatifard,RNA-Seq,14.0
284,376,Andrea,Shilatifard,RNA-Seq,2.0
285,377,Andrea,Shilatifard,RNA-Seq,2.0
286,379,Zibo,Shilatifard,ChIP-Seq,11.0
287,380,Zibo,Shilatifard,ChIP-Seq,12.0
288,381,Lu,Shilatifard,ChIP-Seq,12.0
289,382,Andrea,Shilatifard,ChIP-Seq,3.0
290,383,Marc,Shilatifard,ChIP-Seq,24.0
291,384,Kai,Shilatifard,RNA-Seq,45.0
292,385,Panos,Panos,GRO-seq,0.0
293,386,Deqing,Shilatifard,RNA-Seq,36.0
294,387,Zibo,Shilatifard,ChIP-Seq,17.0
295,389,Kevin,Shilatifard,RNA-Seq,2.0
296,390,Amir Behdad,Behdad,Targetted Panel,15.0
297,391,Christie,Shilatifard,ChIP-Seq,18.0
298,392,Fei,Shilatifard,RNA-Seq,42.0
299,394,Lu,Shilatifard,RNA-Seq,6.0
300,395,Andrea,Shilatifard,RNA-Seq,2.0
301,396,Andrea,Shilatifard,RNA-Seq,2.0
302,397,Foltz,Foltz,ChIP-Seq,4.0
303,398,Kai,Shilatifard,ChIP-Seq,10.0
304,399,Kai,Shilatifard,RNA-Seq,42.0
305,400,Andrea,Shilatifard,ChIP-Seq,5.0
306,401,Andrea,Shilatifard,ChIP-Seq,5.0
307,402,Fei,Shilatifard,RNA-Seq,27.0
308,403,Kai,Shilatifard,ChIP-Seq,20.0
309,404,Lu,Shilatifard,ChIP-Seq,2.0
310,405,Saratsis,Saratsis,RNA-Seq,11.0
311,406,Zibo,Shilatifard,ChIP-Seq,6.0
312,407,Zibo,Shilatifard,ChIP-Seq,23.0
313,408,Kai,Shilatifard,4C,6.0
314,409,Marc,Shilatifard,ChIP-Seq,3.0
315,410,Kai,Shilatifard,ChIP-Seq,14.0
316,411,Kevin,Shilatifard,ChIP-Seq,3.0
317,412,Kevin,Shilatifard,ChIP-Seq,4.0
318,413,Deqing,Shilatifard,ChIP-Seq,2.0
319,414,Lu,Shilatifard,ChIP-Seq,21.0
320,415,Lu,Shilatifard,RNA-Seq,27.0
321,416,Kai,Shilatifard,ChIP-Seq,20.0
322,417,Jay,Shilatifard,ChIP-Seq,20.0
323,418,Christie,Shilatifard,RNA-Seq,4.0
324,419,Yohhei/Michaela,Shilatifard,ChIP-Seq,22.0
325,420,Andrea,Shilatifard,RNA-Seq,2.0
326,421,Krish,Shilatifard,ChIP-Seq,7.0
327,422,Lu,Shilatifard,ChIP-Seq,5.0
328,423,Lu,Shilatifard,ChIP-Seq,6.0
329,424,Kai,Shilatifard,ChIP-Seq,15.0
330,425,Kai,Shilatifard,ChIP-Seq,18.0
331,426,Marc,Shilatifard,ChIP-Seq,10.0
332,427,Lu,Shilatifard,ChIP-Seq,5.0
333,427,Lu,Shilatifard,ChIP-Seq,5.0
334,428,Takeshi,Shilatifard,ChIP-Seq,8.0
335,429,Kevin,Shilatifard,RNA-Seq,4.0
336,430,Kevin,Shilatifard,ChIP-Seq,10.0
337,431,Kai,Shilatifard,RNA-Seq,17.0
338,432,Lu,Shilatifard,RNA-Seq,10.0
339,433,Fei,Shilatifard,ChIP-Seq,7.0
340,434,Fei,Shilatifard,ChIP-Seq,111.0
341,435,Zibo,Shilatifard,RNA-Seq,12.0
342,436,Deqing,Shilatifard,RNA-Seq,27.0
343,437,Krish,Shilatifard,ChIP-Seq,6.0
344,438,Kai,Shilatifard,ChIP-Seq,16.0
345,439,Lu,Shilatifard,ChIP-Seq,13.0
346,440,Lu,Shilatifard,RNA-Seq,16.0
347,441,Lu,Shilatifard,RNA-Seq,16.0
348,442,Kai,Shilatifard,RNA-Seq,20.0
349,443,Kai,Shilatifard,RNA-Seq,20.0
350,444,Kai,Shilatifard,RNA-Seq,32.0
351,445,Marc,Shilatifard,ChIP-Seq,12.0
352,446,Zibo,Shilatifard,ChIP-Seq,8.0
353,447,Lu,Shilatifard,ChIP-Seq,5.0
354,448,Ryan,Shilatifard,ChIP-Seq,5.0
355,449,Jay,Shilatifard,ChIP-Seq,19.0
356,450,Kai,Shilatifard,ChIP-Seq,19.0
357,451,Kevin,Shilatifard,ChIP-Seq,20.0
358,452,Christie,Shilatifard,RNA-Seq,14.0
359,453,Christie,Shilatifard,RNA-Seq,17.0
360,454,Lu,Shilatifard,ChIP-Seq,12.0
361,455,Lu,Shilatifard,ChIP-Seq,13.0
362,456,Lu,Shilatifard,ChIP-Seq,18.0
363,457,Fei,Shilatifard,ChIP-Seq,9.0
364,458,Fei,Shilatifard,RNA-Seq,3.0
365,459,Yohhei/Michaela,Shilatifard,ChIP-Seq,14.0
366,460,Kai,Shilatifard,ChIP-Seq,17.0
367,461,Christie,Shilatifard,RNA-Seq,32.0
368,462,Lu,Shilatifard,RNA-Seq,24.0
369,463,Lu,Shilatifard,ChIP-Seq,9.0
370,464,Yohhei/Michaela,Shilatifard,ChIP-Seq,8.0
371,466,Kai,Shilatifard,RNA-Seq,19.0
372,467,Kai,Shilatifard,ChIP-Seq,26.0
373,468,Zibo,Shilatifard,ChIP-Seq,8.0
374,469,Zibo,Shilatifard,ChIP-Seq,7.0
375,470,Deqing,Shilatifard,RNA-Seq,15.0
376,471,Kai,Shilatifard,RNA-Seq,21.0
377,472,Kai,Shilatifard,ChIP-Seq,6.0
378,473,Lu,Shilatifard,ChIP-Seq,2.0
379,474,Deqing,Shilatifard,ChIP-Seq,10.0
380,475,Kai,Shilatifard,ChIP-Seq,6.0
381,476,Lu,Shilatifard,ChIP-Seq,3.0
382,477,Fei,Shilatifard,RNA-Seq,7.0
383,478,Fei,Shilatifard,RNA-Seq,15.0
384,479,Yohhei/Michaela,Shilatifard,ChIP-Seq,8.0
385,480,Fei,Shilatifard,ChIP-Seq,6.0
386,481,Kevin,Shilatifard,RNA-Seq,14.0
387,482,Kai,Shilatifard,ChIP-Seq,16.0
388,483,Lu,Shilatifard,ChIP-Seq,11.0
389,484,Lu,Shilatifard,RNA-Seq,9.0
390,485,Panos,Panos,ChIP-Seq,15.0
391,486,Fei,Shilatifard,RNA-Seq,0.0
392,487,Fei,Shilatifard,RNA-Seq,0.0
393,488,Lu,Shilatifard,ChIP-Seq,4.0
394,489,Lu,Shilatifard,ChIP-Seq,7.0
395,490,Fei,Shilatifard,ChIP-Seq,0.0
396,491,Kai,Shilatifard,ChIP-Seq,9.0
397,492,Kai,Shilatifard,ChIP-Seq,9.0
398,493,Kai,Shilatifard,ChIP-Seq,11.0
399,494,Kai,Shilatifard,ChIP-Seq,12.0
400,495,Yohhei/Michaela,Shilatifard,RNA-Seq,4.0
401,496,Fei,Shilatifard,ChIP-Seq,4.0
402,497,Fei,Shilatifard,ChIP-Seq,9.0
403,498,Zibo,Shilatifard,ChIP-Seq,11.0
404,499,Zibo,Shilatifard,ChIP-Seq,9.0
405,500,Zibo,Shilatifard,ChIP-Seq,8.0
406,501,Zibo,Shilatifard,ChIP-Seq,11.0
407,502,Zibo,Shilatifard,ChIP-Seq,8.0
408,503,Lu,Shilatifard,ChIP-Seq,8.0
409,504,Yohhei/Michaela,Shilatifard,ChIP-Seq,13.0
410,505,Lu,Shilatifard,ChIP-Seq,11.0
411,506,Lu,Shilatifard,ChIP-Seq,11.0
412,507,Lu,Shilatifard,ChIP-Seq,13.0
413,508,Christie,Shilatifard,ChIP-Seq,16.0
414,509,Ryan,Shilatifard,RNA-Seq,9.0
415,510,Kai,Shilatifard,ChIP-Seq,9.0
416,511,Kai,Shilatifard,ChIP-Seq,9.0
417,512,Kai,Shilatifard,ChIP-Seq,14.0
418,513,Kevin/Volk Collab.,Shilatifard,RNA-Seq,5.0
419,514,Kevin/Volk Collab.,Shilatifard,RNA-Seq,5.0
420,515,Takeshi,Shilatifard,ChIP-Seq,14.0
421,516,Marc,Shilatifard,ChIP-Seq,3.0
422,516,Marc,Shilatifard,ChIP-Seq,3.0
423,517,Fei,Shilatifard,ChIP-Seq,14.0
424,518,Christie,Shilatifard,ChIP-Seq,5.0
425,519,Andrea,Shilatifard,ChIP-Seq,1.0
426,520,Christie,Shilatifard,ChIP-Seq,11.0
427,521,Ryan,Shilatifard,ChIP-Seq,11.0
428,522,Ryan,Shilatifard,ChIP-Seq,11.0
429,522,Ryan,Shilatifard,ChIP-Seq,12.0
430,523,Yohhei/Michaela,Shilatifard,ChIP-Seq,8.0
431,524,Yohhei/Michaela,Shilatifard,ChIP-Seq,7.0
432,525,Yohhei,Shilatifard,ChIP-Seq,15.0
433,526,Yohhei,Shilatifard,ChIP-Seq,16.0
434,527,Lu,Shilatifard,ChIP-Seq,13.0
435,528,Kai,Shilatifard,ChIP-Seq,9.0
436,529,Anna Woo,Shilatifard,RNA-Seq,28.0
437,530,Kai,Shilatifard,ChIP-Seq,6.0
438,531,Christie,Shilatifard,ChIP-Seq,7.0
439,532,Andrea,Shilatifard,ChIP-Seq,3.0
440,533,Lu,Shilatifard,ChIP-Seq,2.0
441,534,Kai,Shilatifard,ChIP-Seq,5.0
442,535,Andrea,Shilatifard,ChIP-Seq,9.0
443,536,Lu,Shilatifard,ChIP-Seq,7.0
444,537,Lu,Shilatifard,ChIP-Seq,7.0
445,538,Anna Woo,Shilatifard,ChIP-Seq,10.0
446,539,Lu,Shilatifard,ChIP-Seq,10.0
447,540,Lu,Shilatifard,RNA-Seq,9.0
448,541,Lu,Shilatifard,RNA-Seq,9.0
449,542,Lu,Shilatifard,RNA-Seq,14.0
450,543,Andrea,Shilatifard,ChIP-Seq,9.0
451,544,Yohhei,Shilatifard,ChIP-Seq,7.0
452,545,Marc,Shilatifard,RNA-Seq,15.0
453,546,Christie,Shilatifard,ChIP-Seq,10.0
454,547,Zibo,Shilatifard,RNA-Seq,11.0
455,548,Kai,Shilatifard,ChIP-Seq,9.0
456,549,Takeshi,Shilatifard,ATAC-Seq,0.0
457,550,Lu,Shilatifard,ChIP-Seq,14.0
458,551,Lu,Shilatifard,ChIP-Seq,12.0
459,551,Lu,Shilatifard,ChIP-Seq,12.0
460,552,Fei,Shilatifard,ChIP-Seq,13.0
461,553,Takeshi,Shilatifard,ChIP-Seq,13.0
462,554,Andrea,Shilatifard,ChIP-Seq,7.0
463,555,Andrea,Shilatifard,ChIP-Seq,8.0
464,556,Andrea,Shilatifard,ChIP-Seq,7.0
465,557,Anna Woo,Shilatifard,ChIP-Seq,7.0
466,558,Lu,Shilatifard,RNA-Seq,14.0
467,559,Yohhei,Shilatifard,ChIP-Seq,15.0
468,560,Kevin,Shilatifard,ChIP-Seq,11.0
469,561,Kevin,Shilatifard,RNA-Seq,7.0
470,562,Takeshi,Shilatifard,ATAC-Seq,2.0
471,563,Kai,Shilatifard,ChIP-Seq,10.0
472,564,Kevin,Shilatifard,RNA-Seq,26.0
473,565,Kai,Shilatifard,RNA-Seq,5.0
474,566,Kai,Shilatifard,RNA-Seq,6.0
475,567,Kai,Shilatifard,RNA-Seq,6.0
476,568,Kai,Shilatifard,RNA-Seq,7.0
477,569,Christie,Shilatifard,RNA-Seq,22.0
478,570,Kai,Shilatifard,RNA-Seq,21.0
479,571,Kevin,Shilatifard,RNA-Seq,20.0
480,572,Fei,Shilatifard,ChIP-Seq,8.0
481,573,Kai,Shilatifard,ChIP-Seq,10.0
482,574,Kai,Shilatifard,ChIP-Seq,17.0
483,575,Andrea,Shilatifard,ChIP-Seq,4.0
484,576,Lu,Shilatifard,ChIP-Seq,7.0
485,577,Lu,Shilatifard,ChIP-Seq,8.0
486,578,Lu,Shilatifard,RNA-Seq,16.0
487,581,Anna Woo,Shilatifard,RNA-Seq,8.0
488,582,Christie,Shilatifard,RNA-Seq,23.0
489,583,Marc,Shilatifard,ChIP-Seq,13.0
490,584,Marc,Shilatifard,ChIP-Seq,9.0
491,585,Mathew Dyson,Bulun,ChIP-Seq,6.0
492,586,Kai,Shilatifard,RNA-Seq,20.0
493,587,Takeshi,Shilatifard,ChIP-Seq,8.0
494,588,Amir Behdad,Behdad,RNA-Seq,10.0
495,589,Lu,Shilatifard,RNA-Seq,23.0
496,590,Takeshi,Shilatifard,ATAC-Seq,99.0
497,591,Takeshi,Shilatifard,ChIP-Seq,9.0
498,593,Yohhei,Shilatifard,ChIP-Seq,15.0
499,594,Lu,Shilatifard,ChIP-Seq,7.0
500,595,Lu,Shilatifard,ChIP-Seq,8.0
501,596,Andrea,Shilatifard,ChIP-Seq,7.0
502,597,Andrea,Shilatifard,ChIP-Seq,7.0
503,598,Andrea,Shilatifard,ChIP-Seq,15.0
504,599,Lu,Shilatifard,ChIP-Seq,9.0
505,600,Lu,Shilatifard,ChIP-Seq,12.0
506,601,Lu,Shilatifard,ChIP-Seq,12.0
507,602,Foltz,Foltz,ChIP-Seq,7.0
508,603,Lu,Shilatifard,RNA-Seq,17.0
509,604,Andrea,Shilatifard,ChIP-Seq,15.0
510,605,Kai,Shilatifard,RNA-Seq,20.0
511,606,Lu,Shilatifard,ChIP-Seq,6.0
512,608,Lu,Shilatifard,RNA-Seq,36.0
513,609,Takeshi,Shilatifard,ChIP-Seq,22.0
514,610,Christie,Shilatifard,ChIP-Seq,2.0
515,611,Foltz,Foltz,RNA-Seq,1.0
516,612,Andrew Volk,Crispino,ATAC-Seq,0.0
517,613,Zibo,Shilatifard,ChIP-Seq,10.0
518,614,Zibo,Shilatifard,ChIP-Seq,10.0
519,615,Lu,Shilatifard,ChIP-Seq,11.0
520,616,Lu,Shilatifard,ChIP-Seq,11.0
521,617,Lu,Shilatifard,ChIP-Seq,12.0
522,618,Lu,Shilatifard,ChIP-Seq,12.0
523,620,Kai,Shilatifard,ChIP-Seq,23.0
524,621,Kai,Shilatifard,ChIP-Seq,29.0
525,622,Kai,Shilatifard,ChIP-Seq,29.0
526,623,Kai,Shilatifard,RNA-Seq,16.0
527,624,Kai,Shilatifard,RNA-Seq,27.0
528,625,Fei,Shilatifard,RNA-Seq,11.0
529,626,Andrew Volk,Crispino,ATAC-Seq,8.0
530,627,Lu,Shilatifard,RNA-Seq,17.0
531,628,Marc,Shilatifard,ChIP-Seq,24.0
532,629,Christie,Shilatifard,RNA-Seq,13.0
533,630,Kai,Shilatifard,ChIP-Seq,26.0
534,631,Kevin,Shilatifard,RNA-Seq,7.0
535,632,Lu,Shilatifard,RNA-Seq,6.0
536,633,Yohhei,Shilatifard,ChIP-Seq,21.0
537,634,Kai,Shilatifard,ChIP-Seq,6.0
538,635,Kai,Shilatifard,ChIP-Seq,6.0
539,636,Kai,Shilatifard,ChIP-Seq,25.0
540,637,Kai,Shilatifard,ChIP-Seq,28.0
541,638,Lu,Shilatifard,RNA-Seq,0.0
542,639,Lu,Shilatifard,RNA-Seq,3.0
543,640,Fei,Shilatifard,RNA-Seq,4.0
544,641,Fei,Shilatifard,RNA-Seq,4.0
545,642,Fei,Shilatifard,RNA-Seq,7.0
546,643,Fei,Shilatifard,RNA-Seq,7.0
547,644,Lu,Shilatifard,ChIP-Seq,37.0
548,645,Lu,Shilatifard,ChIP-Seq,16.0
549,646,Lu,Shilatifard,ChIP-Seq,22.0
550,647,Lu,Shilatifard,ChIP-Seq,29.0
551,648,Michal,Shilatifard,RNA-Seq,26.0
552,649,Christie,Shilatifard,RNA-Seq,23.0
553,651,Delphine,Shilatifard,ChIP-Seq,13.0
554,653,Delphine,Shilatifard,RNA-Seq,24.0
555,654,Lu,Shilatifard,RNA-Seq,20.0
556,655,Kai,Shilatifard,ChIP-Seq,6.0
557,656,Fei,Shilatifard,ChIP-Seq,14.0
558,657,Christie,Shilatifard,RNA-Seq,18.0
559,658,Lu,Shilatifard,ChIP-Seq,9.0
560,659,Lu,Shilatifard,ChIP-Seq,22.0
561,660,Christie,Shilatifard,ChIP-Seq,20.0
562,661,Kai,Shilatifard,CRISPR,33.0
563,662,Takeshi,Shilatifard,ChIP-Seq,7.0
564,663,Fei,Shilatifard,ChIP-Seq,6.0
565,664,Kevin,Shilatifard,RNA-Seq,21.0
566,665,Kevin,Shilatifard,ChIP-Seq,34.0
567,667,Mathew Dyson,Bulun,ChIP-Seq,20.0
568,667,Mathew Dyson,Bulun,ChIP-Seq,26.0
569,668,Michal,Shilatifard,RNA-Seq,24.0
570,669,Zibo,Shilatifard,RNA-Seq,22.0
571,670,Zibo,Shilatifard,ChIP-Seq,21.0
572,671,Zibo,Shilatifard,ChIP-Seq,17.0
573,673,Saratsis,Saratsis,ChIP-Seq,19.0
574,675,Christie,Shilatifard,RNA-Seq,21.0
575,676,Christie,Shilatifard,ChIP-Seq,14.0
576,677,Christie,Shilatifard,RNA-Seq,16.0
577,678,Kevin,Shilatifard,ChIP-Seq,16.0
578,679,Kevin,Shilatifard,ChIP-Seq,21.0
579,680,Zibo,Shilatifard,ChIP-Seq,20.0
580,681,Kai,Shilatifard,RNA-Seq,27.0
581,682,Kevin,Shilatifard,ChIPmentation,18.0
582,683,Kai,Shilatifard,RNA-Seq,13.0
583,684,Christie,Shilatifard,ChIP-Seq,12.0
584,685,Kai,Shilatifard,RNA-Seq,15.0
585,686,Christie,Shilatifard,ChIP-Seq,8.0
586,688,Noah,Shilatifard,ChIP-Seq,5.0
587,689,Andrew Volk,Crispino,RNA-Seq,4.0
588,690,Takeshi,Shilatifard,ChIP-Seq,9.0
589,691,Andrea,Shilatifard,RNA-Seq,7.0
590,692,Andrew Volk,Crispino,ATAC-Seq,21.0
591,693,Takeshi,Shilatifard,ChIP-Seq,10.0
592,694,Fei,Shilatifard,ChIP-Seq,4.0
593,695,Christie,Shilatifard,ChIP-Seq,4.0
594,696,Christie,Shilatifard,RNA-Seq,6.0
595,697,Marc,Shilatifard,RNA-Seq,3.0
596,698,Marc,Shilatifard,RNA-Seq,6.0
597,699,Marc,Shilatifard,RNA-Seq,6.0
598,700,Marc,Shilatifard,RNA-Seq,6.0
599,701,Ryan,Shilatifard,ChIP-Seq,13.0
600,702,Kai,Shilatifard,RNA-Seq,3.0
601,703,Christie,Shilatifard,RNA-Seq,2.0
602,704,Christie,Shilatifard,RNA-Seq,2.0
603,705,Lu,Shilatifard,ChIP-Seq,10.0
604,706,Lu,Shilatifard,ChIP-Seq,18.0
605,707,Zibo,Shilatifard,ChIP-Seq,7.0
606,708,Mathew Dyson,Bulun,RNA-Seq,1.0
607,709,Christie,Shilatifard,ChIP-Seq,1.0
608,710,Kai,Shilatifard,ChIP-Seq,8.0
609,711,Kevin,Shilatifard,ChIP-Seq,9.0
610,712,Yohhei,Shilatifard,ChIP-Seq,8.0
611,713,Yohhei,Shilatifard,RNA-Seq,36.0
612,714,Ryan,Shilatifard,ChIP-Seq,3.0
613,715,Mathew Dyson,Bulun,ChIP-Seq,10.0
614,716,Christie,Shilatifard,ChIP-Seq,2.0
615,717,Noah,Shilatifard,ChIP-Seq,17.0
616,718,Kevin,Shilatifard,TT-Seq,18.0
617,719,Kevin,Shilatifard,ChIP-Seq,12.0
618,720,Kai,Shilatifard,ChIP-Seq,7.0
619,721,Kai,Shilatifard,RNA-Seq,5.0
620,722,Kai,Shilatifard,RNA-Seq,5.0
621,723,Kai,Shilatifard,RNA-Seq,4.0
622,724,Kai,Shilatifard,RNA-Seq,4.0
623,725,Mathew Dyson,Bulun,ChIP-Seq,8.0
624,726,Kai,Shilatifard,RNA-Seq,6.0
625,727,Kai,Shilatifard,RNA-Seq,5.0
626,728,Kai,Shilatifard,RNA-Seq,25.0
627,729,Andrea,Shilatifard,RNA-Seq,22.0
628,730,Andrea,Shilatifard,ChIP-Seq,6.0
629,731,Mathew Dyson,Bulun,ChIP-Seq,4.0
630,732,Christie,Shilatifard,ChIP-Seq,2.0
631,733,Lu,Shilatifard,ChIP-Seq,7.0
632,734,Lu,Shilatifard,ChIP-Seq,14.0
633,735,Zibo,Shilatifard,ChIP-Seq,6.0
634,736,Zibo,Shilatifard,ChIP-Seq,10.0
635,737,Fei,Shilatifard,ChIP-Seq,3.0
636,738,Fei,Shilatifard,ChIP-Seq,3.0
637,739,Kevin,Shilatifard,ATAC-Seq,39.0
638,740,Zibo,Shilatifard,CRISPR,14.0
639,741,Marc,Shilatifard,RNA-Seq,3.0
640,742,Ryan,Shilatifard,ChIP-Seq,5.0
641,743,Zibo,Shilatifard,ChIP-Seq,7.0
642,744,Kai,Shilatifard,ChIP-Seq,6.0
643,745,Marc,Shilatifard,ChIP-Seq,5.0
644,746,Ryan,Shilatifard,ChIP-Seq,6.0
645,747,Zibo,Shilatifard,RNA-Seq,8.0
646,748,Ryan,Shilatifard,RNA-Seq,6.0
647,749,Christie,Shilatifard,RNA-Seq,6.0
648,750,Krish,Shilatifard,ChIP-Seq,6.0
649,752,Lu,Shilatifard,ChIP-Seq,4.0
650,753,Lu,Shilatifard,RNA-Seq,9.0
651,754,Zibo,Shilatifard,ChIP-Seq,4.0
652,755,Savas Lab,Savas,RNA-Seq,10.0
653,756,Kai,Shilatifard,RNA-Seq,1.0
654,757,Fei,Shilatifard,RNA-Seq,8.0
655,758,Christie,Shilatifard,ChIP-Seq,2.0
656,759,Yuki,Shilatifard,PRO-Seq,2.0
657,760,Krish,Shilatifard,RNA-Seq,11.0
658,761,Kevin,Shilatifard,ChIP-Seq,13.0
659,762,Fei,Shilatifard,4C,0.0
660,763,Lu,Shilatifard,ChIP-Seq,7.0
661,764,Kevin,Shilatifard,ChIP-Seq,14.0
662,765,Kevin,Shilatifard,TT-Seq,9.0
663,766,Zibo,Shilatifard,CRISPR,29.0
664,767,Noah,Shilatifard,ChIP-Seq,9.0
665,768,Takeshi,Shilatifard,ChIP-Seq,9.0
666,769,Andrea,Shilatifard,ChIP-Seq,6.0
667,770,Issam Ben Sahra,Ben Sahra,RNA-Seq,12.0
668,771,Krish,Shilatifard,RNA-Seq,5.0
669,772,Lu,Shilatifard,ChIP-Seq,2.0
670,773,Lu,Shilatifard,ChIP-Seq,3.0
671,774,Lu,Shilatifard,RNA-Seq,4.0
672,775,Fei,Shilatifard,4C,0.0
673,776,Fei,Shilatifard,4C,6.0
674,777,Kevin,Shilatifard,TT-Seq,9.0
675,778,Yuki,Shilatifard,PRO-Seq,1.0
676,779,Andrea,Shilatifard,RNA-Seq,2.0
677,781,Krish,Shilatifard,ChIP-Seq,7.0
678,782,Kai,Shilatifard,CRISPR,0.0
679,783,Delphine,Shilatifard,RNA-Seq,22.0
680,784,Krish,Shilatifard,RNA-Seq,21.0
681,785,Kevin,Shilatifard,ChIP-Seq,6.0
682,786,Kevin,Shilatifard,ChIP-Seq,6.0
683,787,Issam Ben Sahra,Ben Sahra,RNA-Seq,13.0
684,788,Fei,Shilatifard,4C,7.0
685,789,Christie,Shilatifard,RNA-Seq,10.0
686,790,Christie,Shilatifard,ChIP-Seq,3.0
687,791,Delphine,Shilatifard,ChIP-Seq,29.0
688,792,Kevin,Shilatifard,ChIP-Seq,3.0
689,793,Christie,Shilatifard,Genotyping,7.0
690,794,Yuki,Shilatifard,PRO-Seq,3.0
691,795,Fei,Shilatifard,4C,5.0
692,796,Christie,Shilatifard,RNA-Seq,7.0
693,798,Lu,Shilatifard,RNA-Seq,17.0
694,799,Kai,Shilatifard,CRISPR,62.0
695,800,Kevin,Shilatifard,ChIP-Seq,7.0
696,801,Kevin,Shilatifard,ChIP-Seq,8.0
697,802,Kevin,Shilatifard,ChIP-Seq,9.0
698,803,Delphine,Shilatifard,RNA-Seq,34.0
699,804,Zibo,Shilatifard,RNA-Seq,15.0
700,805,Zibo,Shilatifard,RNA-Seq,15.0
701,806,Zibo,Shilatifard,RNA-Seq,15.0
702,807,Christie,Shilatifard,ChIP-Seq,22.0
703,808,Saratsis,Saratsis,ChIP-Seq,25.0
704,809,Lu,Shilatifard,RNA-Seq,24.0
705,810,Lu,Shilatifard,RNA-Seq,15.0
706,811,Lu,Shilatifard,ChIP-Seq,19.0
707,812,Kevin,Shilatifard,4SU-seq,14.0
708,813,Saratsis,Saratsis,RNA-Seq,4.0
709,814,Saratsis,Saratsis,RNA-Seq,7.0
710,815,Saratsis,Saratsis,RNA-Seq,9.0
711,816,Saratsis,Saratsis,RNA-Seq,10.0
712,817,Kevin,Shilatifard,ChIP-Seq,12.0
713,819,Noah,Shilatifard,RNA-Seq,14.0
714,820,Zibo,Shilatifard,ChIP-Seq,11.0
715,821,Lu,Shilatifard,ChIP-Seq,9.0
716,822,Lu,Shilatifard,ChIP-Seq,21.0
717,823,Lu,Shilatifard,ChIP-Seq,22.0
718,824,Kevin,Shilatifard,ChIP-Seq,13.0
719,825,Ann Hogan,Foltz,ATAC-Seq,4.0
720,826,Ann Hogan,Foltz,ATAC-Seq,4.0
721,827,Michal,Shilatifard,RNA-Seq,25.0
722,828,Zibo,Shilatifard,RNA-Seq,25.0
723,829,Kevin,Shilatifard,ChIP-Seq,9.0
724,830,Christie,Shilatifard,RNA-Seq,18.0
725,831,Christie,Shilatifard,ChIP-Seq,5.0
726,832,Yuki,Shilatifard,ChIP-Seq,4.0
727,833,Delphine,Shilatifard,RNA-Seq,13.0
728,834,Delphine,Shilatifard,ChIP-Seq,23.0
729,835,Christie,Shilatifard,RNA-Seq,1.0
730,836,Yuki,Shilatifard,PRO-Seq,0.0
731,837,Lu,Shilatifard,ChIP-Seq,8.0
732,838,Lu,Shilatifard,ChIP-Seq,9.0
733,839,Saratsis,Saratsis,ChIP-Seq,11.0
734,840,Delphine,Shilatifard,ChIP-Seq,13.0
735,841,Yuki,Shilatifard,ChIP-Seq,4.0
736,842,Anna Whelan,Shilatifard,ChIP-Seq,13.0
737,843,Zibo,Shilatifard,RNA-Seq,31.0
738,844,Kevin,Shilatifard,ChIP-Seq,7.0
739,845,Kevin,Shilatifard,ChIP-Seq,7.0
740,846,Yuki,Shilatifard,PRO-Seq,0.0
741,847,Lu,Shilatifard,RNA-Seq,14.0
742,848,Delphine,Shilatifard,CRISPR,8.0
743,849,Noah,Shilatifard,RNA-Seq,15.0
744,850,Kevin,Shilatifard,TT-Seq,6.0
745,851,Zibo,Shilatifard,ChIP-Seq,7.0
746,852,Zibo,Shilatifard,RNA-Seq,6.0
747,853,Lu,Shilatifard,ChIP-Seq,7.0
748,854,Kevin,Shilatifard,ChIP-Seq,7.0
749,855,Kevin,Shilatifard,ChIP-Seq,8.0
750,856,Christie,Shilatifard,ChIP-Seq,4.0
751,857,Christie,Shilatifard,ChIP-Seq,8.0
752,858,Kevin,Shilatifard,ChIP-Seq,7.0
753,859,Kevin,Shilatifard,ChIP-Seq,8.0
754,860,Lu,Shilatifard,ChIP-Seq,12.0
755,861,Lu,Shilatifard,ChIP-Seq,8.0
756,862,Kai,Shilatifard,ChIP-Seq,12.0
757,863,Kai,Shilatifard,ChIP-Seq,9.0
758,864,Yuki,Shilatifard,PRO-Seq,1.0
759,865,Kai,Shilatifard,ChIP-Seq,27.0
760,866,Christie,Shilatifard,Genotyping,5.0
761,867,Lu,Shilatifard,ChIP-Seq,7.0
762,868,Marc,Shilatifard,ChIP-Seq,4.0
763,869,Kevin,Shilatifard,ChIP-Seq,8.0
764,870,Kevin,Shilatifard,mRNA-Seq,9.0
765,871,Zibo,Shilatifard,ChIP-Seq,1.0
766,872,Michal,Shilatifard,RNA-Seq,1.0
767,873,Michal,Shilatifard,RNA-Seq,9.0
768,874,Lu,Shilatifard,ChIP-Seq,7.0
769,875,Yuki,Shilatifard,RNA-Seq,37.0
770,876,Yuki,Shilatifard,RNA-Seq,38.0
771,877,Yuki,Shilatifard,RNA-Seq,51.0
772,878,Yuki,Shilatifard,RNA-Seq,52.0
773,879,Ann Hogan,Foltz,ChIP-Seq,2.0
774,880,Kevin,Shilatifard,ChIP-Seq,4.0
775,881,Kevin,Shilatifard,ChIP-Seq,3.0
776,882,Michal,Shilatifard,RNA-Seq,31.0
777,883,Kevin,Shilatifard,TT-Seq,15.0
778,884,Kevin,Shilatifard,mRNA-Seq,78.0
779,885,Lu,Shilatifard,ChIP-Seq,7.0
780,886,Lu,Shilatifard,ChIP-Seq,22.0
781,887,Lu,Shilatifard,ChIP-Seq,14.0
782,888,Kevin,Shilatifard,TT-Seq,15.0
783,889,Michal,Shilatifard,RNA-Seq,28.0
784,890,Kai/Kelli,Shilatifard,ChIP-Seq,14.0
785,891,Yuki,Shilatifard,PRO-Seq,1.0
786,892,Kevin,Shilatifard,ChIP-Seq,5.0
787,893,Kevin,Shilatifard,ChIP-Seq,5.0
788,894,Kevin,Shilatifard,ChIP-Seq,5.0
789,895,Kevin,Shilatifard,ChIP-Seq,5.0
790,896,Kevin,Shilatifard,ChIP-Seq,5.0
791,897,Christie,Shilatifard,ChIP-Seq,14.0
792,898,Lu,Shilatifard,ChIP-Seq,17.0
793,899,Andrea,Shilatifard,ChIP-Seq,381.0
794,900,Kevin,Shilatifard,ChIP-Seq,5.0
795,901,Zibo,Shilatifard,ChIP-Seq,10.0
796,902,Christie,Shilatifard,RNA-Seq,15.0
797,903,Eunus,Ben Sahra,RNA-Seq,17.0
798,904,Eunus,Ben Sahra,RNA-Seq,18.0
799,905,Yuki,Shilatifard,PRO-Seq,1.0
800,906,Kevin,Shilatifard,ChIP-Seq,3.0
801,907,Kevin,Shilatifard,ChIP-Seq,4.0
802,908,Kevin,Shilatifard,ChIP-Seq,7.0
803,909,Kevin,Shilatifard,ChIP-Seq,7.0
804,910,Andrea,Shilatifard,ChIP-Seq,381.0
805,911,Anna Whelan,Shilatifard,ChIP-Seq,4.0
806,912,Anna Whelan,Shilatifard,ChIP-Seq,7.0
807,913,Anna Whelan,Shilatifard,ChIP-Seq,7.0
808,914,Ann Hogan,Foltz,CRISPR,1.0
809,915,Kai,Shilatifard,RNA-Seq,10.0
810,916,Lu,Shilatifard,RNA-Seq,12.0
811,919,Delphine,Shilatifard,RNA-Seq,13.0
812,920,Yuki/Luciano,Shilatifard,PRO-Seq,1.0
813,921,Kevin,Shilatifard,DRIP-seq,24.0
814,922,Kai,Shilatifard,CRISPR,57.0
815,923,Lu,Shilatifard,ChIP-Seq,12.0
816,924,Lu,Shilatifard,ChIP-Seq,22.0
817,925,Lu,Shilatifard,ChIP-Seq,23.0
818,926,Yohhei,Shilatifard,ChIP-Seq,11.0
819,927,Andrea,Shilatifard,ChIP-Seq,28.0
820,928,Delphine,Shilatifard,CRISPR,0.0
821,929,Kai,Shilatifard,ChIP-Seq,22.0
822,930,Lu,Shilatifard,ChIP-Seq,16.0
823,931,Christie,Shilatifard,RNA-Seq,28.0
824,932,Andrea,Shilatifard,ChIP-Seq,29.0
825,933,Kai,Shilatifard,RNA-Seq,28.0
826,934,Zibo,Shilatifard,CRISPR,0.0
827,935,Kevin,Shilatifard,ChIP-Seq,7.0
828,936,Kai,Shilatifard,ChIP-Seq,16.0
829,937,Christie,Shilatifard,ChIP-Seq,18.0
830,938,Christie,Shilatifard,ChIP-Seq,16.0
831,939,Kai,Shilatifard,CRISPR,40.0
832,940,Yuki,Shilatifard,PRO-Seq,1.0
833,941,Fei,Shilatifard,PRO-Seq,1.0
834,942,Lu,Shilatifard,RNA-Seq,22.0
835,943,Lu,Shilatifard,RNA-Seq,26.0
836,944,Kevin,Shilatifard,TT-Seq,3.0
837,945,Zibo,Shilatifard,ChIP-Seq,22.0
838,946,Lu,Shilatifard,ChIP-Seq,21.0
839,947,Lu,Shilatifard,ChIP-Seq,22.0
840,948,Lu,Shilatifard,RNA-Seq,20.0
841,949,Marc,Shilatifard,ChIP-Seq,16.0
842,950,Lu,Shilatifard,ChIP-Seq,16.0
843,951,Lu,Shilatifard,ChIP-Seq,17.0
844,952,Lu,Shilatifard,ChIP-Seq,17.0
845,953,Lu,Shilatifard,ChIP-Seq,21.0
846,954,Lu,Shilatifard,ChIP-Seq,21.0
847,955,Zibo,Shilatifard,RNA-Seq,16.0
848,957,Kevin/Andrew Volk,Shilatifard,ChIP-Seq,10.0
849,958,Kai,Shilatifard,ChIP-Seq,14.0
850,959,Kai,Shilatifard,ChIP-Seq,15.0
851,960,Kai,Shilatifard,ChIP-Seq,15.0
852,961,Yuki,Shilatifard,PRO-Seq,2.0
853,962,Yuki,Shilatifard,PRO-Seq,12.0
854,963,Kai,Shilatifard,ChIP-Seq,14.0
855,964,Michal,Shilatifard,RNA-Seq,50.0
856,965,Lu,Shilatifard,ChIP-Seq,28.0
857,966,Lu,Shilatifard,ChIP-Seq,35.0
858,968,Yuki,Shilatifard,mRNA-Seq,14.0
859,969,Yuki,Shilatifard,Nascent RNA-Seq,14.0
860,970,Delphine,Shilatifard,Termination Screen,10.0
861,971,Delphine,Shilatifard,Termination Screen,11.0
862,972,Delphine,Shilatifard,Termination Screen,11.0
863,974,Kevin,Shilatifard,ChIP-Seq,6.0
864,975,Fei/Carthew Lab,Shilatifard,miRNA-Seq,3.0
865,976,Zibo,Shilatifard,ChIP-Seq,20.0
866,977,Zibo,Shilatifard,ChIP-Seq,24.0
867,978,Zibo,Shilatifard,ChIP-Seq,24.0
868,979,Yohhei,Shilatifard,ChIP-Seq,3.0
869,980,Fei,Shilatifard,ChIP-Seq,2.0
870,981,Bin,Shilatifard,ChIP-Seq,3.0
871,982,Bin,Shilatifard,ChIP-Seq,22.0
872,983,Bin,Shilatifard,ChIP-Seq,24.0
873,984,Bin,Shilatifard,ChIP-Seq,23.0
874,985,Delphine,Shilatifard,ChIP-Seq,12.0
875,986,Lu,Shilatifard,RNA-Seq,40.0
876,987,Lu,Shilatifard,RNA-Seq,40.0
877,988,Kevin,Shilatifard,TT-Seq,28.0
878,989,Yohhei,Shilatifard,ChIP-Seq,7.0
879,990,Anna Whelan,Shilatifard,ChIP-Seq,7.0
880,991,Ann Hogan,Foltz,CRISPR,4.0
881,992,Andrea,Shilatifard,ChIP-Seq,14.0
882,993,Christie,Shilatifard,ChIP-Seq,15.0
883,994,Kevin,Shilatifard,TT-Seq,26.0
884,996,Kai,Shilatifard,ATAC-Seq,7.0
885,997,Yuki,Shilatifard,ChIP-Seq,11.0
886,998,Yuki,Shilatifard,ChIP-Seq,12.0
887,1000,Delphine,Shilatifard,CRISPR,15.0
888,1001,Delphine,Shilatifard,CRISPR,15.0
889,1004,Anna Whelan,Shilatifard,ChIP-Seq,6.0
890,1005,Lu,Shilatifard,ChIP-Seq,5.0
891,1006,Lu,Shilatifard,ChIP-Seq,6.0
892,1007,Lu,Shilatifard,ChIP-Seq,7.0
893,1008,Lu,Shilatifard,ChIP-Seq,7.0
894,1009,Carthew,Carthew,miRNA-Seq,0.0
895,1011,Lu,Shilatifard,RNA-Seq,9.0
896,1012,Lu,Shilatifard,ChIP-Seq,5.0
897,1013,Lu/Ben Singer,Shilatifard,DNA Methylation,-3.0
898,1014,Lu/Ben Singer,Shilatifard,DNA Methylation,0.0
899,1015,Fei,Shilatifard,ChIP-Seq,2.0
900,1016,Lu,Shilatifard,ChIP-Seq,8.0
901,1017,Lu,Shilatifard,RNA-Seq,34.0
902,1018,Zibo,Shilatifard,ChIP-Seq,15.0
903,1019,Michal,Shilatifard,RNA-Seq,56.0
904,1020,Kevin,Shilatifard,ChIP-Seq,8.0
905,1021,Kevin,Shilatifard,ChIP-Seq,8.0
906,1022,Kevin,Shilatifard,ChIP-Seq,4.0
907,1023,Yohhei,Shilatifard,ChIP-Seq,2.0
908,1025,Edgar,Sonabend,ChIP-Seq,14.0
909,1026,Carthew,Carthew,miRNA-Seq,14.0
910,1027,Anna Whelan,Shilatifard,ChIP-Seq,6.0
911,1028,Fei,Shilatifard,ChIP-Seq,4.0
912,1029,Carthew,Carthew,miRNA-Seq,22.0
913,1030,Yuki,Shilatifard,PRO-Seq,8.0
914,1031,Yuki,Shilatifard,PRO-Seq,8.0
915,1032,Kevin,Shilatifard,TT-Seq,25.0
916,1033,Kevin,Shilatifard,RNA-Seq,7.0
917,1034,Kevin,Shilatifard,RNA-Seq,7.0
918,1035,Anna Whelan,Shilatifard,ChIP-Seq,10.0
919,1036,Christia,Bulun,ChIP-Seq,13.0
920,1037,Christia,Bulun,ChIP-Seq,13.0
921,1038,Christia,Bulun,ChIP-Seq,20.0
922,1039,Christia,Bulun,ChIP-Seq,20.0
923,1041,Delphine,Shilatifard,CRISPR,8.0
924,1042,Delphine,Shilatifard,CRISPR,8.0
925,1045,Christia,Bulun,RNA-Seq,0.0
926,1046,Yuki,Shilatifard,TT-Seq,6.0
927,1047,Yuki,Shilatifard,TT-Seq,6.0
928,1048,Kevin,Shilatifard,ChIP-Seq,7.0
929,1049,Kevin,Shilatifard,ChIP-Seq,11.0
930,1050,Kevin,Shilatifard,TT-Seq,33.0
931,1052,Lu,Shilatifard,ChIP-Seq,6.0
932,1053,Lu,Shilatifard,ChIP-Seq,10.0
933,1054,Lu,Shilatifard,ChIP-Seq,11.0
934,1055,Lu,Shilatifard,RNA-Seq,33.0
935,1056,Yuki,Shilatifard,PRO-Seq,25.0
936,1057,Yuki,Shilatifard,PRO-Seq,25.0
937,1058,Yuki,Shilatifard,ChIP-Seq,15.0
938,1059,Yohhei,Shilatifard,ChIP-Seq,21.0
939,1060,Anna Whelan,Shilatifard,ChIP-Seq,6.0
940,1061,Yuki,Shilatifard,ChIP-Seq,7.0
941,1062,Yuki,Shilatifard,ChIP-Seq,7.0
942,1063,Yuki,Shilatifard,ChIP-Seq,8.0
943,1064,Yuki,Shilatifard,ChIP-Seq,9.0
944,1065,Anna Whelan,Shilatifard,ChIP-Seq,12.0
945,1066,Yuki,Shilatifard,mRNA-Seq,20.0
946,1067,Yuki,Shilatifard,Nascent RNA-Seq,20.0
947,1068,Yuki,Shilatifard,mRNA-Seq,31.0
948,1069,Yuki,Shilatifard,Nascent RNA-Seq,31.0
949,1070,Noah,Shilatifard,RNA-Seq,26.0
950,1071,Noah,Shilatifard,RNA-Seq,40.0
951,1073,Noah,Shilatifard,RNA-Seq,33.0
952,1074,Lu,Shilatifard,ChIP-Seq,9.0
953,1075,Lu,Shilatifard,ChIP-Seq,26.0
954,1076,Lu,Shilatifard,ChIP-Seq,26.0
955,1077,Andrea,Shilatifard,ChIP-Seq,9.0
956,1078,Andrea,Shilatifard,RNA-Seq,8.0
957,1079,Andrea,Shilatifard,RNA-Seq,21.0
958,1080,Yuki,Shilatifard,TT-Seq,12.0
959,1081,Marc,Shilatifard,ChIP-Seq,7.0
960,1082,Zibo,Shilatifard,ChIP-Seq,10.0
961,1083,Marc,Shilatifard,ChIP-Seq,9.0
962,1084,Marc,Shilatifard,RNA-Seq,28.0
963,1085,Christie,Shilatifard,ChIP-Seq,21.0
964,1086,Michal,Shilatifard,RNA-Seq,31.0
965,1087,Delphine,Shilatifard,ChIP-Seq,9.0
966,1088,Christie,Shilatifard,ChIP-Seq,21.0
967,1089,Christie,Shilatifard,ChIP-Seq,16.0
968,1090,Kai,Shilatifard,ChIP-Seq,18.0
969,1091,Kai,Shilatifard,ChIP-Seq,18.0
970,1092,Yuki,Shilatifard,PRO-Seq,22.0
971,1093,Yuki,Shilatifard,PRO-Seq,28.0
972,1094,Kevin,Shilatifard,TT-Seq,40.0
973,1095,Kevin,Shilatifard,TT-Seq,37.0
974,1096,Zibo,Shilatifard,RNA-Seq,10.0
975,1097,Anna Whelan,Shilatifard,ChIP-Seq,12.0
976,1098,Kevin,Shilatifard,ChIP-Seq,12.0
977,1099,Lu,Shilatifard,ChIP-Seq,8.0
978,1100,Lu,Shilatifard,ChIP-Seq,9.0
979,1101,Lu,Shilatifard,ChIP-Seq,12.0
980,1102,Anna Whelan,Shilatifard,ChIP-Seq,25.0
981,1103,Kevin,Shilatifard,ChIP-Seq,13.0
982,1104,Kevin,Shilatifard,ChIP-Seq,12.0
983,1105,Andrea,Shilatifard,RNA-Seq,7.0
984,1106,Delphine,Shilatifard,ChIP-Seq,19.0
985,1107,Zibo,Shilatifard,RNA-Seq,14.0
986,1108,Zibo,Shilatifard,RNA-Seq,6.0
987,1109,Kai,Shilatifard,PRO-Seq,40.0
988,1110,Kai,Shilatifard,PRO-Seq,42.0
989,1111,Delphine,Shilatifard,CRISPR,12.0
990,1112,Delphine,Shilatifard,CRISPR,13.0
991,1113,Lu,Shilatifard,ChIP-Seq,15.0
992,1114,Lu,Shilatifard,RNA-Seq,3.0
993,1115,Kai,Shilatifard,TT-Seq,21.0
994,1116,Saratsis,Saratsis,ChIP-Seq,17.0
995,1117,Saratsis,Saratsis,ChIP-Seq,17.0
996,1118,Saratsis,Saratsis,ChIP-Seq,43.0
997,1119,Saratsis,Saratsis,ChIP-Seq,49.0
998,1120,Saratsis,Saratsis,ChIP-Seq,49.0
999,1121,Kai,Shilatifard,PRO-Seq,62.0
1000,1123,Kai,Shilatifard,RNA-Seq,25.0
1001,1124,Andrea,Shilatifard,RNA-Seq,22.0
1002,1125,Andrea,Shilatifard,RNA-Seq,25.0
1003,1126,Kevin,Shilatifard,TT-Seq,15.0
1004,1127,Kevin,Shilatifard,ChIP-Seq,9.0
1005,1128,Delphine,Shilatifard,ChIP-Seq,15.0
1006,1129,Kai,Shilatifard,RNA-Seq,16.0
1007,1130,Kai,Shilatifard,TT-Seq,377.0
1008,1131,Lu,Shilatifard,ChIP-Seq,18.0
1009,1132,Kevin,Shilatifard,ChIP-Seq,13.0
1010,1133,Lu,Shilatifard,RNA-Seq,16.0
1011,1134,Kevin,Shilatifard,TT-Seq,4.0
1012,1135,Kai,Shilatifard,ChIP-Seq,21.0
1013,1136,Kevin/Andrew,Shilatifard,ChIP-Seq,17.0
1014,1137,Kevin,Shilatifard,ChIP-Seq,10.0
1015,1138,Kevin,Shilatifard,ChIP-Seq,17.0
1016,1139,Andrea,Shilatifard,ChIP-Seq,29.0
1017,1140,Kevin,Shilatifard,ChIP-Seq,13.0
1018,1141,Yuki,Shilatifard,PRO-Seq,43.0
1019,1142,Zibo,Shilatifard,RNA-Seq,10.0
1020,1143,Kai,Shilatifard,ChIP-Seq,28.0
1021,1144,Yuki,Shilatifard,TT-Seq,35.0
1022,1145,Anna Whelan,Shilatifard,ChIP-Seq,5.0
1023,1146,Kai,Shilatifard,RNA-Seq,-345.0
1024,1147,Kai,Shilatifard,RNA-Seq,-345.0
1025,1148,Lu,Shilatifard,ChIP-Seq,22.0
1026,1149,Lu,Shilatifard,ChIP-Seq,23.0
1027,1150,Lu,Shilatifard,ChIP-Seq,28.0
1028,1151,Christie,Shilatifard,ChIP-Seq,22.0
1029,1152,Kai,Shilatifard,ChIP-Seq,27.0
1030,1153,Ryan,Shilatifard,RNA-Seq,41.0
1031,1154,Anna Whelan,Shilatifard,ChIP-Seq,5.0
1032,1155,Abecassis,Abecassis,ChIP-Seq,3.0
1033,1156,Yuki,Shilatifard,mRNA-Seq,23.0
1034,1157,Eagen,Eagen,TT-Seq,6.0
1035,1158,Kai,Shilatifard,ChIP-Seq,19.0
1036,1159,Yuki,Shilatifard,PRO-Seq,74.0
1037,1160,Lu,Shilatifard,CRISPR,9.0
1038,1161,Noah,Shilatifard,mRNA-Seq,38.0
1039,1162,Noah,Shilatifard,mRNA-Seq,38.0
1040,1163,Noah,Shilatifard,mRNA-Seq,40.0
1041,1164,Noah,Shilatifard,mRNA-Seq,40.0
1042,1165,Kai,Shilatifard,ChIP-Seq,16.0
1043,1166,Kai,Shilatifard,ChIP-Seq,12.0
1044,1167,Lu,Shilatifard,ChIP-Seq,4.0
1045,1168,Lu,Shilatifard,ChIP-Seq,16.0
1046,1169,Kai,Shilatifard,RNA-Seq,51.0
1047,1170,Kai,Shilatifard,RNA-Seq,44.0
1048,1171,Rintaro,Rintaro,ChIP-Seq,29.0
1049,1172,Andrea/Lu,Shilatifard,ssDNA,0.0
1050,1173,Yuki,Shilatifard,PRO-Seq,66.0
1051,1174,Kai,Shilatifard,ChIP-Seq,5.0
1052,1175,Kai,Shilatifard,ChIP-Seq,6.0
1053,1176,Kai,Shilatifard,ChIP-Seq,6.0
1054,1177,Kevin,Shilatifard,ChIP-Seq,3.0
1055,1178,Kevin,Shilatifard,ChIP-Seq,3.0
1056,1180,Marc,Shilatifard,ChIP-Seq,2.0
1057,1181,Noah,Shilatifard,ChIP-Seq,7.0
1058,1182,Noah,Shilatifard,ChIP-Seq,7.0
1059,1183,Noah,Shilatifard,ChIP-Seq,11.0
1060,1184,Kai,Shilatifard,PRO-Seq,71.0
1061,1186,Kevin,Shilatifard,ChIP-Seq,8.0
1062,1187,Kevin,Shilatifard,ChIP-Seq,7.0
1063,1188,Christia,Bulun,ChIP-Seq,12.0
1064,1189,Christia,Bulun,ChIP-Seq,12.0
1065,1190,Christia,Bulun,ChIP-Seq,12.0
1066,1191,Christia,Bulun,ChIP-Seq,12.0
1067,1192,Christia,Bulun,ChIP-Seq,34.0
1068,1193,Christia,Bulun,ChIP-Seq,34.0
1069,1194,Christia,Bulun,ChIP-Seq,34.0
1070,1195,Christia,Bulun,RNA-Seq,5.0
1071,1196,Lu,Shilatifard,ChIP-Seq,8.0
1072,1197,Anna Whelan,Shilatifard,ChIP-Seq,7.0
1073,1198,Anna Whelan,Shilatifard,ChIP-Seq,10.0
1074,1199,Delphine,Shilatifard,RNA-Seq,21.0
1075,1200,Michal,Shilatifard,ChIP-Seq,12.0
1076,1201,Michal,Shilatifard,ChIP-Seq,12.0
1077,1202,Michal,Shilatifard,ChIP-Seq,18.0
1078,1203,Michal,Shilatifard,ChIP-Seq,35.0
1079,1204,Delphine,Shilatifard,ChIP-Seq,7.0
1080,1205,Yuki,Shilatifard,TT-Seq,6.0
1081,1206,Lu,Shilatifard,ChIP-Seq,11.0
1082,1207,Lu,Shilatifard,ChIP-Seq,4.0
1083,1208,Lu,Shilatifard,RNA-Seq,17.0
1084,1209,Lu,Shilatifard,RNA-Seq,17.0
1085,1212,Abecassis,Abecassis,ChIP-Seq,3.0
1086,1213,Christie,Shilatifard,ChIP-Seq,19.0
1087,1214,Christie,Shilatifard,ChIP-Seq,21.0
1088,1215,Yuki,Shilatifard,ChIP-Seq,19.0
1089,1217,Delphine,Shilatifard,RNA-Seq,83.0
1090,1218,Delphine,Shilatifard,RNA-Seq,78.0
1091,1219,Anna Whelan,Shilatifard,ChIP-Seq,29.0
1092,1220,Zibo,Shilatifard,ChIP-Seq,21.0
1093,1221,Eagen,Eagen,ChIP-Seq,4.0
1094,1222,Yohhei,Shilatifard,RNA-Seq,44.0
1095,1223,Kevin,Shilatifard,TT-Seq,13.0
1096,1224,Kevin,Shilatifard,TT-Seq,13.0
1097,1225,Delphine,Shilatifard,ChIP-Seq,9.0
1098,1226,Saratsis,Saratsis,RNA-Seq,20.0
1099,1227,Saratsis,Saratsis,RNA-Seq,20.0
1100,1228,Kevin,Shilatifard,ChIP-Seq,8.0
1101,1229,Kevin,Shilatifard,ChIP-Seq,8.0
1102,1230,Kai,Shilatifard,RNA-Seq,46.0
1103,1231,Lu,Shilatifard,ChIP-Seq,36.0
1104,1232,Lu,Shilatifard,ChIP-Seq,12.0
1105,1233,Lu,Shilatifard,ChIP-Seq,12.0
1106,1234,Zibo,Shilatifard,ChIP-Seq,15.0
1107,1235,Delphine,Shilatifard,RNA-Seq,29.0
1108,1236,Delphine,Shilatifard,RNA-Seq,30.0
1109,1237,Delphine,Shilatifard,RNA-Seq,32.0
1110,1238,Abecassis,Abecassis,ATAC-Seq,0.0
1111,1240,Kevin,Shilatifard,TT-Seq,35.0
1112,1241,Zibo,Shilatifard,RNA-Seq,31.0
1113,1242,Yuki,Shilatifard,TT-Seq,18.0
1114,1243,Lu,Shilatifard,ChIP-Seq,9.0
1115,1244,Delphine,Shilatifard,ChIP-Seq,21.0
1116,1245,Kevin,Shilatifard,TT-Seq,30.0
1117,1246,Jordan,Shilatifard,ChIP-Seq,13.0
1118,1247,Shimeng,Bulun,RNA-Seq,15.0
1119,1248,Shimeng,Bulun,MethylCap-seq,15.0
1120,1249,Delphine,Shilatifard,ChIP-Seq,27.0
1121,1250,Delphine,Shilatifard,meDIP-seq,20.0
1122,1251,Delphine,Shilatifard,meDIP-seq,28.0
1123,1252,Jordan,Shilatifard,ChIP-Seq,22.0
1124,1253,Andrea,Shilatifard,ChIP-Seq,17.0
1125,1254,Andrea,Shilatifard,RNA-Seq,50.0
1126,1255,Abecassis,Abecassis,ChIP-Seq,29.0
1127,1256,Kevin,Shilatifard,ChIP-Seq,8.0
1128,1257,Kevin,Shilatifard,ChIP-Seq,14.0
1129,1258,Kevin,Shilatifard,ChIP-Seq,14.0
1130,1259,Sonabend,Sonabend,ChIP-Seq,30.0
1131,1261,Bin,Shilatifard,PRO-Seq,47.0
1132,1262,Lu,Shilatifard,ChIP-Seq,17.0
1133,1263,Lu,Shilatifard,ChIP-Seq,25.0
1134,1264,Lu,Shilatifard,ChIP-Seq,28.0
1135,1267,Christie,Shilatifard,ChIP-Seq,16.0
1136,1268,Abecassis,Abecassis,ATAC-Seq,6.0
1137,1269,Abecassis,Abecassis,ATAC-Seq,6.0
1138,1270,Christia,Bulun,ChIP-Seq,0.0
1139,1271,Kevin,Shilatifard,mRNA-Seq,20.0
1140,1272,Kevin,Shilatifard,mRNA-Seq,21.0
1141,1273,Yuki,Shilatifard,ChIP-Seq,16.0
1142,1274,Andrea,Shilatifard,RNA-Seq,40.0
1143,1275,Lu,Shilatifard,ChIP-Seq,18.0
1144,1278,Lu,Shilatifard,RNA-Seq,37.0
1145,1279,Saratsis,Saratsis,ChIP-Seq,13.0
1146,1280,Jordan,Shilatifard,ChIP-Seq,14.0
1147,1281,Delphine,Shilatifard,PRO-Seq,24.0
1148,1282,Delphine,Shilatifard,ChIP-Seq,11.0
1149,1283,Delphine,Shilatifard,RNA-Seq,24.0
1150,1284,Kai,Shilatifard,Hi-C,10.0
1151,1285,Bin,Shilatifard,ChIP-Seq,10.0
1152,1286,Noah,Shilatifard,PRO-Seq,25.0
1153,1287,Lu,Shilatifard,ChIP-Seq,11.0
1154,1288,Yuki,Shilatifard,PRO-Seq,4.0
1155,1289,Kai,Shilatifard,Hi-C,13.0
1156,1290,Kai,Shilatifard,Hi-C,13.0
1157,1291,Jordan,Shilatifard,ChIP-Seq,5.0
1158,1292,Prindle,Prindle,RNA-Seq,1.0
1159,1293,Haneen,Eagen,ChIP-Seq,2.0
1160,1295,Christie,Shilatifard,RNA-Seq,7.0
1161,1296,Lu,Shilatifard,RNA-Seq,12.0
1162,1298,Lu,Shilatifard,ChIP-Seq,13.0
1163,1299,Lu,Shilatifard,ChIP-Seq,14.0
1164,1300,Bin,Shilatifard,ChIP-Seq,8.0
1165,1301,Yohhei,Shilatifard,ChIP-Seq,9.0
1166,1302,Marc,Shilatifard,ChIP-Seq,8.0
1167,1303,Andrea,Shilatifard,DNA Methylation,0.0
1168,1304,Andrea,Shilatifard,DNA Methylation,0.0
1169,1305,Haneen,Eagen,ChIP-Seq,1.0
1170,1306,Christia,Bulun,RNA-Seq,16.0
1171,1307,Christia,Bulun,ChIP-Seq,16.0
1172,1308,Ryan,Shilatifard,RNA-Seq,3.0
1173,1311,Haneen,Eagen,ChIP-Seq,0.0
1174,1312,Delphine,Shilatifard,CRISPR,8.0
1175,1314,Delphine,Shilatifard,CRISPR,31.0
1176,1316,Lu,Shilatifard,ChIP-Seq,5.0
1177,1317,Lu,Shilatifard,ChIP-Seq,6.0
